Projet,Localisation,Region,Type,Badge,Date Extraction,Lot,Unités,Prix Min,Prix Max,N° Produit,Surface,Prix,Étage,Désignation
MASSIRA TR 3,Mohammedia,Casablanca-Settat,Lots de terrains pour habitat,Nouveau,2026-07-16 19:50:10,LOT PROMOTIONNEL R+2 RDC COMMERCIAL,69 unité(s) disponible(s),1 060 500 DH,2 314 000 DH,52,112 m²,1 254 400 DH,,Lot promotionnel r+2 rdc commercial
MASSIRA TR 3,Mohammedia,Casablanca-Settat,Lots de terrains pour habitat,Nouveau,2026-07-16 19:50:10,LOT PROMOTIONNEL R+2 RDC COMMERCIAL,69 unité(s) disponible(s),1 060 500 DH,2 314 000 DH,53,106 m²,1 187 200 DH,,Lot promotionnel r+2 rdc commercial
MASSIRA TR 3,Mohammedia,Casablanca-Settat,Lots de terrains pour habitat,Nouveau,2026-07-16 19:50:10,LOT PROMOTIONNEL R+2 RDC COMMERCIAL,69 unité(s) disponible(s),1 060 500 DH,2 314 000 DH,54,110 m²,1 232 000 DH,,Lot promotionnel r+2 rdc commercial
MASSIRA TR 3,Mohammedia,Casablanca-Settat,Lots de terrains pour habitat,Nouveau,2026-07-16 19:50:10,LOT PROMOTIONNEL R+2 RDC COMMERCIAL,69 unité(s) disponible(s),1 060 500 DH,2 314 000 DH,55,101 m²,1 131 200 DH,,Lot promotionnel r+2 rdc commercial
MASSIRA TR 3,Mohammedia,Casablanca-Settat,Lots de terrains pour habitat,Nouveau,2026-07-16 19:50:10,LOT PROMOTIONNEL R+2 RDC COMMERCIAL,69 unité(s) disponible(s),1 060 500 DH,2 314 000 DH,56,107 m²,1 198 400 DH,,Lot promotionnel r+2 rdc commercial
MASSIRA TR 3,Mohammedia,Casablanca-Settat,Lots de terrains pour habitat,Nouveau,2026-07-16 19:50:10,LOT PROMOTIONNEL R+2 RDC COMMERCIAL,69 unité(s) disponible(s),1 060 500 DH,2 314 000 DH,57,104 m²,1 164 800 DH,,Lot promotionnel r+2 rdc commercial
MASSIRA TR 3,Mohammedia,Casablanca-Settat,Lots de terrains pour habitat,Nouveau,2026-07-16 19:50:10,LOT PROMOTIONNEL R+2 RDC COMMERCIAL,69 unité(s) disponible(s),1 060 500 DH,2 314 000 DH,58,105 m²,1 176 000 DH,,Lot promotionnel r+2 rdc commercial
MASSIRA TR 3,Mohammedia,Casablanca-Settat,Lots de terrains pour habitat,Nouveau,2026-07-16 19:50:10,LOT PROMOTIONNEL R+2 RDC COMMERCIAL,69 unité(s) disponible(s),1 060 500 DH,2 314 000 DH,59,131 m²,1 729 200 DH,,Lot promotionnel r+2 rdc commercial
MASSIRA TR 3,Mohammedia,Casablanca-Settat,Lots de terrains pour habitat,Nouveau,2026-07-16 19:50:10,LOT PROMOTIONNEL R+2 RDC COMMERCIAL,69 unité(s) disponible(s),1 060 500 DH,2 314 000 DH,60,128 m²,1 689 600 DH,,Lot promotionnel r+2 rdc commercial
MASSIRA TR 3,Mohammedia,Casablanca-Settat,Lots de terrains pour habitat,Nouveau,2026-07-16 19:50:10,LOT PROMOTIONNEL R+2 RDC COMMERCIAL,69 unité(s) disponible(s),1 060 500 DH,2 314 000 DH,61,125 m²,1 775 000 DH,,Lot promotionnel r+2 rdc commercial
MASSIRA TR 3,Mohammedia,Casablanca-Settat,Lots de terrains pour habitat,Nouveau,2026-07-16 19:50:10,LOT PROMOTIONNEL R+2 RDC COMMERCIAL,69 unité(s) disponible(s),1 060 500 DH,2 314 000 DH,62,117 m²,1 638 000 DH,,Lot promotionnel r+2 rdc commercial
MASSIRA TR 3,Mohammedia,Casablanca-Settat,Lots de terrains pour habitat,Nouveau,2026-07-16 19:50:10,LOT PROMOTIONNEL R+2 RDC COMMERCIAL,69 unité(s) disponible(s),1 060 500 DH,2 314 000 DH,63,116 m²,1 554 400 DH,,Lot promotionnel r+2 rdc commercial
MASSIRA TR 3,Mohammedia,Casablanca-Settat,Lots de terrains pour habitat,Nouveau,2026-07-16 19:50:10,LOT PROMOTIONNEL R+2 RDC COMMERCIAL,69 unité(s) disponible(s),1 060 500 DH,2 314 000 DH,64,117 m²,1 567 800 DH,,Lot promotionnel r+2 rdc commercial
MASSIRA TR 3,Mohammedia,Casablanca-Settat,Lots de terrains pour habitat,Nouveau,2026-07-16 19:50:10,LOT PROMOTIONNEL R+2 RDC COMMERCIAL,69 unité(s) disponible(s),1 060 500 DH,2 314 000 DH,65,118 m²,1 581 200 DH,,Lot promotionnel r+2 rdc commercial
MASSIRA TR 3,Mohammedia,Casablanca-Settat,Lots de terrains pour habitat,Nouveau,2026-07-16 19:50:10,LOT PROMOTIONNEL R+2 RDC COMMERCIAL,69 unité(s) disponible(s),1 060 500 DH,2 314 000 DH,66,118 m²,1 581 200 DH,,Lot promotionnel r+2 rdc commercial
MASSIRA TR 3,Mohammedia,Casablanca-Settat,Lots de terrains pour habitat,Nouveau,2026-07-16 19:50:10,LOT PROMOTIONNEL R+2 RDC COMMERCIAL,69 unité(s) disponible(s),1 060 500 DH,2 314 000 DH,67,118 m²,1 581 200 DH,,Lot promotionnel r+2 rdc commercial
MASSIRA TR 3,Mohammedia,Casablanca-Settat,Lots de terrains pour habitat,Nouveau,2026-07-16 19:50:10,LOT PROMOTIONNEL R+2 RDC COMMERCIAL,69 unité(s) disponible(s),1 060 500 DH,2 314 000 DH,68,118 m²,1 581 200 DH,,Lot promotionnel r+2 rdc commercial
MASSIRA TR 3,Mohammedia,Casablanca-Settat,Lots de terrains pour habitat,Nouveau,2026-07-16 19:50:10,LOT PROMOTIONNEL R+2 RDC COMMERCIAL,69 unité(s) disponible(s),1 060 500 DH,2 314 000 DH,69,119 m²,1 594 600 DH,,Lot promotionnel r+2 rdc commercial
MASSIRA TR 3,Mohammedia,Casablanca-Settat,Lots de terrains pour habitat,Nouveau,2026-07-16 19:50:10,LOT PROMOTIONNEL R+2 RDC COMMERCIAL,69 unité(s) disponible(s),1 060 500 DH,2 314 000 DH,70,118 m²,1 652 000 DH,,Lot promotionnel r+2 rdc commercial
MASSIRA TR 3,Mohammedia,Casablanca-Settat,Lots de terrains pour habitat,Nouveau,2026-07-16 19:50:10,LOT PROMOTIONNEL R+2 RDC COMMERCIAL,69 unité(s) disponible(s),1 060 500 DH,2 314 000 DH,51,105 m²,1 176 000 DH,,Lot promotionnel r+2 rdc commercial
MASSIRA TR 3,Mohammedia,Casablanca-Settat,Lots de terrains pour habitat,Nouveau,2026-07-16 19:50:10,LOT PROMOTIONNEL R+2 RDC COMMERCIAL,69 unité(s) disponible(s),1 060 500 DH,2 314 000 DH,15,103 m²,1 297 800 DH,,Lot promotionnel r+2 rdc commercial
MASSIRA TR 3,Mohammedia,Casablanca-Settat,Lots de terrains pour habitat,Nouveau,2026-07-16 19:50:10,LOT PROMOTIONNEL R+2 RDC COMMERCIAL,69 unité(s) disponible(s),1 060 500 DH,2 314 000 DH,14,105 m²,1 365 000 DH,,Lot promotionnel r+2 rdc commercial
MASSIRA TR 3,Mohammedia,Casablanca-Settat,Lots de terrains pour habitat,Nouveau,2026-07-16 19:50:10,LOT PROMOTIONNEL R+2 RDC COMMERCIAL,69 unité(s) disponible(s),1 060 500 DH,2 314 000 DH,13,105 m²,1 323 000 DH,,Lot promotionnel r+2 rdc commercial
MASSIRA TR 3,Mohammedia,Casablanca-Settat,Lots de terrains pour habitat,Nouveau,2026-07-16 19:50:10,LOT PROMOTIONNEL R+2 RDC COMMERCIAL,69 unité(s) disponible(s),1 060 500 DH,2 314 000 DH,12,106 m²,1 113 000 DH,,Lot promotionnel r+2 rdc commercial
MASSIRA TR 3,Mohammedia,Casablanca-Settat,Lots de terrains pour habitat,Nouveau,2026-07-16 19:50:10,LOT PROMOTIONNEL R+2 RDC COMMERCIAL,69 unité(s) disponible(s),1 060 500 DH,2 314 000 DH,11,103 m²,1 081 500 DH,,Lot promotionnel r+2 rdc commercial
MASSIRA TR 3,Mohammedia,Casablanca-Settat,Lots de terrains pour habitat,Nouveau,2026-07-16 19:50:10,LOT PROMOTIONNEL R+2 RDC COMMERCIAL,69 unité(s) disponible(s),1 060 500 DH,2 314 000 DH,10,106 m²,1 113 000 DH,,Lot promotionnel r+2 rdc commercial
MASSIRA TR 3,Mohammedia,Casablanca-Settat,Lots de terrains pour habitat,Nouveau,2026-07-16 19:50:10,LOT PROMOTIONNEL R+2 RDC COMMERCIAL,69 unité(s) disponible(s),1 060 500 DH,2 314 000 DH,9,103 m²,1 081 500 DH,,Lot promotionnel r+2 rdc commercial
MASSIRA TR 3,Mohammedia,Casablanca-Settat,Lots de terrains pour habitat,Nouveau,2026-07-16 19:50:10,LOT PROMOTIONNEL R+2 RDC COMMERCIAL,69 unité(s) disponible(s),1 060 500 DH,2 314 000 DH,8,106 m²,1 113 000 DH,,Lot promotionnel r+2 rdc commercial
MASSIRA TR 3,Mohammedia,Casablanca-Settat,Lots de terrains pour habitat,Nouveau,2026-07-16 19:50:10,LOT PROMOTIONNEL R+2 RDC COMMERCIAL,69 unité(s) disponible(s),1 060 500 DH,2 314 000 DH,7,103 m²,1 081 500 DH,,Lot promotionnel r+2 rdc commercial
MASSIRA TR 3,Mohammedia,Casablanca-Settat,Lots de terrains pour habitat,Nouveau,2026-07-16 19:50:10,LOT PROMOTIONNEL R+2 RDC COMMERCIAL,69 unité(s) disponible(s),1 060 500 DH,2 314 000 DH,6,106 m²,1 113 000 DH,,Lot promotionnel r+2 rdc commercial
LOTISSEMENT OREE,Mohammedia,Casablanca-Settat,Lots de terrains pour habitat,Nouveau,2026-07-16 19:50:10,LOT PROMOTIONNEL R+2 RDC COMMERCIAL,78 unité(s) disponible(s),740 000 DH,1 474 200 DH,77,105 m²,787 500 DH,,Lot promotionnel r+2 rdc commercial
LOTISSEMENT OREE,Mohammedia,Casablanca-Settat,Lots de terrains pour habitat,Nouveau,2026-07-16 19:50:10,LOT PROMOTIONNEL R+2 RDC COMMERCIAL,78 unité(s) disponible(s),740 000 DH,1 474 200 DH,75,130 m²,923 000 DH,,Lot promotionnel r+2 rdc commercial
LOTISSEMENT OREE,Mohammedia,Casablanca-Settat,Lots de terrains pour habitat,Nouveau,2026-07-16 19:50:10,LOT PROMOTIONNEL R+2 RDC COMMERCIAL,78 unité(s) disponible(s),740 000 DH,1 474 200 DH,74,147 m²,1 190 700 DH,,Lot promotionnel r+2 rdc commercial
LOTISSEMENT OREE,Mohammedia,Casablanca-Settat,Lots de terrains pour habitat,Nouveau,2026-07-16 19:50:10,LOT PROMOTIONNEL R+2 RDC COMMERCIAL,78 unité(s) disponible(s),740 000 DH,1 474 200 DH,73,108 m²,907 200 DH,,Lot promotionnel r+2 rdc commercial
LOTISSEMENT OREE,Mohammedia,Casablanca-Settat,Lots de terrains pour habitat,Nouveau,2026-07-16 19:50:10,LOT PROMOTIONNEL R+2 RDC COMMERCIAL,78 unité(s) disponible(s),740 000 DH,1 474 200 DH,72,108 m²,907 200 DH,,Lot promotionnel r+2 rdc commercial
LOTISSEMENT OREE,Mohammedia,Casablanca-Settat,Lots de terrains pour habitat,Nouveau,2026-07-16 19:50:10,LOT PROMOTIONNEL R+2 RDC COMMERCIAL,78 unité(s) disponible(s),740 000 DH,1 474 200 DH,71,162 m²,1 474 200 DH,,
LOTISSEMENT OREE,Mohammedia,Casablanca-Settat,Lots de terrains pour habitat,Nouveau,2026-07-16 19:50:10,LOT PROMOTIONNEL R+2 RDC COMMERCIAL,78 unité(s) disponible(s),740 000 DH,1 474 200 DH,70,142 m²,1 107 600 DH,,Lot promotionnel r+2 rdc commercial
LOTISSEMENT OREE,Mohammedia,Casablanca-Settat,Lots de terrains pour habitat,Nouveau,2026-07-16 19:50:10,LOT PROMOTIONNEL R+2 RDC COMMERCIAL,78 unité(s) disponible(s),740 000 DH,1 474 200 DH,69,100 m²,760 000 DH,,Lot promotionnel r+2 rdc commercial
LOTISSEMENT OREE,Mohammedia,Casablanca-Settat,Lots de terrains pour habitat,Nouveau,2026-07-16 19:50:10,LOT PROMOTIONNEL R+2 RDC COMMERCIAL,78 unité(s) disponible(s),740 000 DH,1 474 200 DH,68,100 m²,760 000 DH,,Lot promotionnel r+2 rdc commercial
LOTISSEMENT OREE,Mohammedia,Casablanca-Settat,Lots de terrains pour habitat,Nouveau,2026-07-16 19:50:10,LOT PROMOTIONNEL R+2 RDC COMMERCIAL,78 unité(s) disponible(s),740 000 DH,1 474 200 DH,67,100 m²,760 000 DH,,Lot promotionnel r+2 rdc commercial
LOTISSEMENT OREE,Mohammedia,Casablanca-Settat,Lots de terrains pour habitat,Nouveau,2026-07-16 19:50:10,LOT PROMOTIONNEL R+2 RDC COMMERCIAL,78 unité(s) disponible(s),740 000 DH,1 474 200 DH,63,119 m²,892 500 DH,,Lot promotionnel r+2 rdc commercial
LOTISSEMENT OREE,Mohammedia,Casablanca-Settat,Lots de terrains pour habitat,Nouveau,2026-07-16 19:50:10,LOT PROMOTIONNEL R+2 RDC COMMERCIAL,78 unité(s) disponible(s),740 000 DH,1 474 200 DH,62,117 m²,877 500 DH,,Lot promotionnel r+2 rdc commercial
LOTISSEMENT OREE,Mohammedia,Casablanca-Settat,Lots de terrains pour habitat,Nouveau,2026-07-16 19:50:10,LOT PROMOTIONNEL R+2 RDC COMMERCIAL,78 unité(s) disponible(s),740 000 DH,1 474 200 DH,61,115 m²,862 500 DH,,Lot promotionnel r+2 rdc commercial
LOTISSEMENT OREE,Mohammedia,Casablanca-Settat,Lots de terrains pour habitat,Nouveau,2026-07-16 19:50:10,LOT PROMOTIONNEL R+2 RDC COMMERCIAL,78 unité(s) disponible(s),740 000 DH,1 474 200 DH,114,102 m²,754 800 DH,,Lot promotionnel r+2 rdc commercial
LOTISSEMENT OREE,Mohammedia,Casablanca-Settat,Lots de terrains pour habitat,Nouveau,2026-07-16 19:50:10,LOT PROMOTIONNEL R+2 RDC COMMERCIAL,78 unité(s) disponible(s),740 000 DH,1 474 200 DH,112,100 m²,740 000 DH,,Lot promotionnel r+2 rdc commercial
LOTISSEMENT OREE,Mohammedia,Casablanca-Settat,Lots de terrains pour habitat,Nouveau,2026-07-16 19:50:10,LOT PROMOTIONNEL R+2 RDC COMMERCIAL,78 unité(s) disponible(s),740 000 DH,1 474 200 DH,110,100 m²,740 000 DH,,Lot promotionnel r+2 rdc commercial
LOTISSEMENT OREE,Mohammedia,Casablanca-Settat,Lots de terrains pour habitat,Nouveau,2026-07-16 19:50:10,LOT PROMOTIONNEL R+2 RDC COMMERCIAL,78 unité(s) disponible(s),740 000 DH,1 474 200 DH,108,100 m²,740 000 DH,,Lot promotionnel r+2 rdc commercial
LOTISSEMENT OREE,Mohammedia,Casablanca-Settat,Lots de terrains pour habitat,Nouveau,2026-07-16 19:50:10,LOT PROMOTIONNEL R+2 RDC COMMERCIAL,78 unité(s) disponible(s),740 000 DH,1 474 200 DH,106,100 m²,740 000 DH,,Lot promotionnel r+2 rdc commercial
LOTISSEMENT OREE,Mohammedia,Casablanca-Settat,Lots de terrains pour habitat,Nouveau,2026-07-16 19:50:10,LOT PROMOTIONNEL R+2 RDC COMMERCIAL,78 unité(s) disponible(s),740 000 DH,1 474 200 DH,104,100 m²,740 000 DH,,Lot promotionnel r+2 rdc commercial
LOTISSEMENT OREE,Mohammedia,Casablanca-Settat,Lots de terrains pour habitat,Nouveau,2026-07-16 19:50:10,LOT PROMOTIONNEL R+2 RDC COMMERCIAL,78 unité(s) disponible(s),740 000 DH,1 474 200 DH,102,100 m²,740 000 DH,,Lot promotionnel r+2 rdc commercial
LOTISSEMENT OREE,Mohammedia,Casablanca-Settat,Lots de terrains pour habitat,Nouveau,2026-07-16 19:50:10,LOT PROMOTIONNEL R+2 RDC COMMERCIAL,78 unité(s) disponible(s),740 000 DH,1 474 200 DH,98,100 m²,740 000 DH,,Lot promotionnel r+2 rdc commercial
LOTISSEMENT OREE,Mohammedia,Casablanca-Settat,Lots de terrains pour habitat,Nouveau,2026-07-16 19:50:10,LOT PROMOTIONNEL R+2 RDC COMMERCIAL,78 unité(s) disponible(s),740 000 DH,1 474 200 DH,97,100 m²,740 000 DH,,Lot promotionnel r+2 rdc commercial
LOTISSEMENT OREE,Mohammedia,Casablanca-Settat,Lots de terrains pour habitat,Nouveau,2026-07-16 19:50:10,LOT PROMOTIONNEL R+2 RDC COMMERCIAL,78 unité(s) disponible(s),740 000 DH,1 474 200 DH,96,100 m²,740 000 DH,,Lot promotionnel r+2 rdc commercial
LOTISSEMENT OREE,Mohammedia,Casablanca-Settat,Lots de terrains pour habitat,Nouveau,2026-07-16 19:50:10,LOT PROMOTIONNEL R+2 RDC COMMERCIAL,78 unité(s) disponible(s),740 000 DH,1 474 200 DH,95,100 m²,740 000 DH,,Lot promotionnel r+2 rdc commercial
LOTISSEMENT OREE,Mohammedia,Casablanca-Settat,Lots de terrains pour habitat,Nouveau,2026-07-16 19:50:10,LOT PROMOTIONNEL R+2 RDC COMMERCIAL,78 unité(s) disponible(s),740 000 DH,1 474 200 DH,94,100 m²,740 000 DH,,Lot promotionnel r+2 rdc commercial
LOTISSEMENT OREE,Mohammedia,Casablanca-Settat,Lots de terrains pour habitat,Nouveau,2026-07-16 19:50:10,LOT PROMOTIONNEL R+2 RDC COMMERCIAL,78 unité(s) disponible(s),740 000 DH,1 474 200 DH,30,100 m²,780 000 DH,,Lot promotionnel r+2 rdc commercial
LOTISSEMENT OREE,Mohammedia,Casablanca-Settat,Lots de terrains pour habitat,Nouveau,2026-07-16 19:50:10,LOT PROMOTIONNEL R+2 RDC COMMERCIAL,78 unité(s) disponible(s),740 000 DH,1 474 200 DH,29,100 m²,760 000 DH,,
LOTISSEMENT OREE,Mohammedia,Casablanca-Settat,Lots de terrains pour habitat,Nouveau,2026-07-16 19:50:10,LOT PROMOTIONNEL R+2 RDC COMMERCIAL,78 unité(s) disponible(s),740 000 DH,1 474 200 DH,28,100 m²,780 000 DH,,Lot promotionnel r+2 rdc commercial
LOTISSEMENT OREE,Mohammedia,Casablanca-Settat,Lots de terrains pour habitat,Nouveau,2026-07-16 19:50:10,LOT PROMOTIONNEL R+2 RDC COMMERCIAL,78 unité(s) disponible(s),740 000 DH,1 474 200 DH,27,100 m²,760 000 DH,,Lot promotionnel r+2 rdc commercial
LOTISSEMENT OREE,Mohammedia,Casablanca-Settat,Lots de terrains pour habitat,Nouveau,2026-07-16 19:50:10,LOT PROMOTIONNEL R+2 RDC COMMERCIAL,78 unité(s) disponible(s),740 000 DH,1 474 200 DH,26,100 m²,780 000 DH,,Lot promotionnel r+2 rdc commercial
ZONE INDUSTRIELLE MOHAMMEDIA,Mohammedia,Casablanca-Settat,Lots d'activités industrielles,Promotion,2026-07-16 19:50:10,LOT ACTIVITE COM A USAGE D'ENSEIG PRIVE,1 unité(s) disponible(s),1 709 000 DH,1 709 000 DH,CRECHE,777 m²,1 709 000 DH,,Lot activite com a usage d'enseig prive
ZONE INDUSTRIELLE MOHAMMEDIA,Mohammedia,Casablanca-Settat,Lots d'activités industrielles,Promotion,2026-07-16 19:50:10,LOT  ACTIVITE COMM A USAGE COMMERCIAL,1 unité(s) disponible(s),5 500 000 DH,5 500 000 DH,BANQUES,3451 m²,5 500 000 DH,,Lot  activite comm a usage commercial
NOUVELLE ZONE URBAINE BELLE VUE,Settat,Casablanca-Settat,Lots d'activités industrielles,Promotion,2026-07-16 19:50:10,LOT PROMOTIONNEL VILLA ISOLEE,57 unité(s) disponible(s),536 900 DH,1 578 000 DH,ILOTG3,499 m²,723 550 DH,,Lot promotionnel villa isolee
NOUVELLE ZONE URBAINE BELLE VUE,Settat,Casablanca-Settat,Lots d'activités industrielles,Promotion,2026-07-16 19:50:10,LOT PROMOTIONNEL VILLA ISOLEE,57 unité(s) disponible(s),536 900 DH,1 578 000 DH,ILOTG22,468 m²,608 400 DH,,Lot promotionnel villa isolee
NOUVELLE ZONE URBAINE BELLE VUE,Settat,Casablanca-Settat,Lots d'activités industrielles,Promotion,2026-07-16 19:50:10,LOT PROMOTIONNEL VILLA ISOLEE,57 unité(s) disponible(s),536 900 DH,1 578 000 DH,ILOTB8,500 m²,725 000 DH,,
NOUVELLE ZONE URBAINE BELLE VUE,Settat,Casablanca-Settat,Lots d'activités industrielles,Promotion,2026-07-16 19:50:10,LOT PROMOTIONNEL VILLA ISOLEE,57 unité(s) disponible(s),536 900 DH,1 578 000 DH,ILOTA7,564 m²,761 400 DH,,Lot promotionnel villa isolee
NOUVELLE ZONE URBAINE BELLE VUE,Settat,Casablanca-Settat,Lots d'activités industrielles,Promotion,2026-07-16 19:50:10,LOT PROMOTIONNEL VILLA ISOLEE,57 unité(s) disponible(s),536 900 DH,1 578 000 DH,ILOTJ5,593 m²,711 600 DH,,Lot promotionnel villa isolee
NOUVELLE ZONE URBAINE BELLE VUE,Settat,Casablanca-Settat,Lots d'activités industrielles,Promotion,2026-07-16 19:50:10,LOT PROMOTIONNEL VILLA ISOLEE,57 unité(s) disponible(s),536 900 DH,1 578 000 DH,ILOTJ3,1315 m²,1 578 000 DH,,Lot promotionnel villa isolee
NOUVELLE ZONE URBAINE BELLE VUE,Settat,Casablanca-Settat,Lots d'activités industrielles,Promotion,2026-07-16 19:50:10,LOT PROMOTIONNEL VILLA ISOLEE,57 unité(s) disponible(s),536 900 DH,1 578 000 DH,ILOTJ6,493 m²,714 850 DH,,Lot promotionnel villa isolee
NOUVELLE ZONE URBAINE BELLE VUE,Settat,Casablanca-Settat,Lots d'activités industrielles,Promotion,2026-07-16 19:50:10,LOT PROMOTIONNEL VILLA ISOLEE,57 unité(s) disponible(s),536 900 DH,1 578 000 DH,ILOTA12,500 m²,725 000 DH,,Lot promotionnel villa isolee
NOUVELLE ZONE URBAINE BELLE VUE,Settat,Casablanca-Settat,Lots d'activités industrielles,Promotion,2026-07-16 19:50:10,LOT PROMOTIONNEL VILLA ISOLEE,57 unité(s) disponible(s),536 900 DH,1 578 000 DH,ILOTJ9,535 m²,775 750 DH,,Lot promotionnel villa isolee
NOUVELLE ZONE URBAINE BELLE VUE,Settat,Casablanca-Settat,Lots d'activités industrielles,Promotion,2026-07-16 19:50:10,LOT PROMOTIONNEL VILLA ISOLEE,57 unité(s) disponible(s),536 900 DH,1 578 000 DH,ILOTJ1,650 m²,780 000 DH,,Lot promotionnel villa isolee
NOUVELLE ZONE URBAINE BELLE VUE,Settat,Casablanca-Settat,Lots d'activités industrielles,Promotion,2026-07-16 19:50:10,LOT PROMOTIONNEL VILLA ISOLEE,57 unité(s) disponible(s),536 900 DH,1 578 000 DH,ILOTG24,699 m²,838 800 DH,,Lot promotionnel villa isolee
NOUVELLE ZONE URBAINE BELLE VUE,Settat,Casablanca-Settat,Lots d'activités industrielles,Promotion,2026-07-16 19:50:10,LOT PROMOTIONNEL VILLA ISOLEE,57 unité(s) disponible(s),536 900 DH,1 578 000 DH,ILOTJ10,540 m²,783 000 DH,,Lot promotionnel villa isolee
NOUVELLE ZONE URBAINE BELLE VUE,Settat,Casablanca-Settat,Lots d'activités industrielles,Promotion,2026-07-16 19:50:10,LOT PROMOTIONNEL VILLA ISOLEE,57 unité(s) disponible(s),536 900 DH,1 578 000 DH,ILOTG23,535 m²,642 000 DH,,Lot promotionnel villa isolee
NOUVELLE ZONE URBAINE BELLE VUE,Settat,Casablanca-Settat,Lots d'activités industrielles,Promotion,2026-07-16 19:50:10,LOT PROMOTIONNEL VILLA ISOLEE,57 unité(s) disponible(s),536 900 DH,1 578 000 DH,ILOTB12,500 m²,725 000 DH,,Lot promotionnel villa isolee
NOUVELLE ZONE URBAINE BELLE VUE,Settat,Casablanca-Settat,Lots d'activités industrielles,Promotion,2026-07-16 19:50:10,LOT PROMOTIONNEL VILLA ISOLEE,57 unité(s) disponible(s),536 900 DH,1 578 000 DH,ILOTJ28,516 m²,748 200 DH,,Lot promotionnel villa isolee
NOUVELLE ZONE URBAINE BELLE VUE,Settat,Casablanca-Settat,Lots d'activités industrielles,Promotion,2026-07-16 19:50:10,LOT PROMOTIONNEL VILLA ISOLEE,57 unité(s) disponible(s),536 900 DH,1 578 000 DH,ILOTB4,450 m²,585 000 DH,,Lot promotionnel villa isolee
NOUVELLE ZONE URBAINE BELLE VUE,Settat,Casablanca-Settat,Lots d'activités industrielles,Promotion,2026-07-16 19:50:10,LOT PROMOTIONNEL VILLA ISOLEE,57 unité(s) disponible(s),536 900 DH,1 578 000 DH,ILOTB11,459 m²,665 550 DH,,Lot promotionnel villa isolee
NOUVELLE ZONE URBAINE BELLE VUE,Settat,Casablanca-Settat,Lots d'activités industrielles,Promotion,2026-07-16 19:50:10,LOT PROMOTIONNEL VILLA ISOLEE,57 unité(s) disponible(s),536 900 DH,1 578 000 DH,ILOTB10,500 m²,725 000 DH,,Lot promotionnel villa isolee
NOUVELLE ZONE URBAINE BELLE VUE,Settat,Casablanca-Settat,Lots d'activités industrielles,Promotion,2026-07-16 19:50:10,LOT PROMOTIONNEL VILLA ISOLEE,57 unité(s) disponible(s),536 900 DH,1 578 000 DH,ILOTB9,459 m²,665 550 DH,,Lot promotionnel villa isolee
NOUVELLE ZONE URBAINE BELLE VUE,Settat,Casablanca-Settat,Lots d'activités industrielles,Promotion,2026-07-16 19:50:10,LOT PROMOTIONNEL VILLA ISOLEE,57 unité(s) disponible(s),536 900 DH,1 578 000 DH,ILOTB7,444 m²,688 200 DH,,Lot promotionnel villa isolee
NOUVELLE ZONE URBAINE BELLE VUE,Settat,Casablanca-Settat,Lots d'activités industrielles,Promotion,2026-07-16 19:50:10,LOT PROMOTIONNEL VILLA ISOLEE,57 unité(s) disponible(s),536 900 DH,1 578 000 DH,ILOTB5,439 m²,570 700 DH,,Lot promotionnel villa isolee
NOUVELLE ZONE URBAINE BELLE VUE,Settat,Casablanca-Settat,Lots d'activités industrielles,Promotion,2026-07-16 19:50:10,LOT PROMOTIONNEL VILLA ISOLEE,57 unité(s) disponible(s),536 900 DH,1 578 000 DH,ILOTJ34,540 m²,648 000 DH,,Lot promotionnel villa isolee
NOUVELLE ZONE URBAINE BELLE VUE,Settat,Casablanca-Settat,Lots d'activités industrielles,Promotion,2026-07-16 19:50:10,LOT PROMOTIONNEL VILLA ISOLEE,57 unité(s) disponible(s),536 900 DH,1 578 000 DH,ILOTJ33,566 m²,820 700 DH,,Lot promotionnel villa isolee
NOUVELLE ZONE URBAINE BELLE VUE,Settat,Casablanca-Settat,Lots d'activités industrielles,Promotion,2026-07-16 19:50:10,LOT PROMOTIONNEL VILLA ISOLEE,57 unité(s) disponible(s),536 900 DH,1 578 000 DH,ILOTJ31,578 m²,838 100 DH,,Lot promotionnel villa isolee
NOUVELLE ZONE URBAINE BELLE VUE,Settat,Casablanca-Settat,Lots d'activités industrielles,Promotion,2026-07-16 19:50:10,LOT PROMOTIONNEL VILLA ISOLEE,57 unité(s) disponible(s),536 900 DH,1 578 000 DH,ILOTB2,748 m²,1 112 150 DH,,Lot promotionnel villa isolee
NOUVELLE ZONE URBAINE BELLE VUE,Settat,Casablanca-Settat,Lots d'activités industrielles,Promotion,2026-07-16 19:50:10,LOT PROMOTIONNEL VILLA ISOLEE,57 unité(s) disponible(s),536 900 DH,1 578 000 DH,ILOTB1,684 m²,1 084 600 DH,,Lot promotionnel villa isolee
NOUVELLE ZONE URBAINE BELLE VUE,Settat,Casablanca-Settat,Lots d'activités industrielles,Promotion,2026-07-16 19:50:10,LOT PROMOTIONNEL VILLA ISOLEE,57 unité(s) disponible(s),536 900 DH,1 578 000 DH,ILOTG19,439 m²,914 876 DH,,Lot promotionnel villa isolee
NOUVELLE ZONE URBAINE BELLE VUE,Settat,Casablanca-Settat,Lots d'activités industrielles,Promotion,2026-07-16 19:50:10,LOT PROMOTIONNEL VILLA ISOLEE,57 unité(s) disponible(s),536 900 DH,1 578 000 DH,ILOTJ27,517 m²,740 950 DH,,Lot promotionnel villa isolee
NOUVELLE ZONE URBAINE BELLE VUE,Settat,Casablanca-Settat,Lots d'activités industrielles,Promotion,2026-07-16 19:50:10,LOT PROMOTIONNEL VILLA ISOLEE,57 unité(s) disponible(s),536 900 DH,1 578 000 DH,ILOTJ30,413 m²,536 900 DH,,Lot promotionnel villa isolee
NOUVELLE ZONE URBAINE BELLE VUE,Settat,Casablanca-Settat,Lots d'activités industrielles,Promotion,2026-07-16 19:50:10,LOT PROMOTIONNEL VILLA ISOLEE,57 unité(s) disponible(s),536 900 DH,1 578 000 DH,ILOTJ2,601 m²,721 200 DH,,Lot promotionnel villa isolee
NOUVELLE ZONE URBAINE BELLE VUE,Settat,Casablanca-Settat,Lots d'activités industrielles,Promotion,2026-07-16 19:50:10,ILOT,10 unité(s) disponible(s),5 792 075 DH,7 558 656 DH,F4,4904 m²,5 884 800 DH,,Ilot
NOUVELLE ZONE URBAINE BELLE VUE,Settat,Casablanca-Settat,Lots d'activités industrielles,Promotion,2026-07-16 19:50:10,ILOT,10 unité(s) disponible(s),5 792 075 DH,7 558 656 DH,F3,5183 m²,6 219 600 DH,,Ilot
NOUVELLE ZONE URBAINE BELLE VUE,Settat,Casablanca-Settat,Lots d'activités industrielles,Promotion,2026-07-16 19:50:10,ILOT,10 unité(s) disponible(s),5 792 075 DH,7 558 656 DH,E4,6384 m²,7 558 656 DH,,Ilot
NOUVELLE ZONE URBAINE BELLE VUE,Settat,Casablanca-Settat,Lots d'activités industrielles,Promotion,2026-07-16 19:50:10,ILOT,10 unité(s) disponible(s),5 792 075 DH,7 558 656 DH,E3,5445 m²,6 446 880 DH,,Ilot
NOUVELLE ZONE URBAINE BELLE VUE,Settat,Casablanca-Settat,Lots d'activités industrielles,Promotion,2026-07-16 19:50:10,ILOT,10 unité(s) disponible(s),5 792 075 DH,7 558 656 DH,E2,5675 m²,6 395 725 DH,,Ilot
NOUVELLE ZONE URBAINE BELLE VUE,Settat,Casablanca-Settat,Lots d'activités industrielles,Promotion,2026-07-16 19:50:10,ILOT,10 unité(s) disponible(s),5 792 075 DH,7 558 656 DH,D1,5124 m²,6 066 816 DH,,Ilot
NOUVELLE ZONE URBAINE BELLE VUE,Settat,Casablanca-Settat,Lots d'activités industrielles,Promotion,2026-07-16 19:50:10,ILOT,10 unité(s) disponible(s),5 792 075 DH,7 558 656 DH,F5,5000 m²,6 370 000 DH,,Ilot
NOUVELLE ZONE URBAINE BELLE VUE,Settat,Casablanca-Settat,Lots d'activités industrielles,Promotion,2026-07-16 19:50:10,ILOT,10 unité(s) disponible(s),5 792 075 DH,7 558 656 DH,D2,5105 m²,6 044 320 DH,,Ilot
NOUVELLE ZONE URBAINE BELLE VUE,Settat,Casablanca-Settat,Lots d'activités industrielles,Promotion,2026-07-16 19:50:10,ILOT,10 unité(s) disponible(s),5 792 075 DH,7 558 656 DH,D3,4775 m²,5 792 075 DH,,
NOUVELLE ZONE URBAINE BELLE VUE,Settat,Casablanca-Settat,Lots d'activités industrielles,Promotion,2026-07-16 19:50:10,ILOT,10 unité(s) disponible(s),5 792 075 DH,7 558 656 DH,D4,4875 m²,5 913 375 DH,,Ilot
NOUVELLE ZONE URBAINE BELLE VUE,Settat,Casablanca-Settat,Lots d'activités industrielles,Promotion,2026-07-16 19:50:10,LOT PROMOTIONNEL VILLA JUMELEE,5 unité(s) disponible(s),522 350 DH,867 750 DH,A/26,335 m²,603 000 DH,,Lot promotionnel villa jumelee
NOUVELLE ZONE URBAINE BELLE VUE,Settat,Casablanca-Settat,Lots d'activités industrielles,Promotion,2026-07-16 19:50:10,LOT PROMOTIONNEL VILLA JUMELEE,5 unité(s) disponible(s),522 350 DH,867 750 DH,A/17,442 m²,867 750 DH,,Lot promotionnel villa jumelee
NOUVELLE ZONE URBAINE BELLE VUE,Settat,Casablanca-Settat,Lots d'activités industrielles,Promotion,2026-07-16 19:50:10,LOT PROMOTIONNEL VILLA JUMELEE,5 unité(s) disponible(s),522 350 DH,867 750 DH,H/71,410 m²,738 000 DH,,Lot promotionnel villa jumelee
NOUVELLE ZONE URBAINE BELLE VUE,Settat,Casablanca-Settat,Lots d'activités industrielles,Promotion,2026-07-16 19:50:10,LOT PROMOTIONNEL VILLA JUMELEE,5 unité(s) disponible(s),522 350 DH,867 750 DH,A/64,383 m²,689 400 DH,,
NOUVELLE ZONE URBAINE BELLE VUE,Settat,Casablanca-Settat,Lots d'activités industrielles,Promotion,2026-07-16 19:50:10,LOT PROMOTIONNEL VILLA JUMELEE,5 unité(s) disponible(s),522 350 DH,867 750 DH,H/38,337 m²,522 350 DH,,Lot promotionnel villa jumelee
NOUVELLE ZONE URBAINE BELLE VUE,Settat,Casablanca-Settat,Lots d'activités industrielles,Promotion,2026-07-16 19:50:10,LOT PROMOTIONNEL VILLA EN BANDE,4 unité(s) disponible(s),389 400 DH,477 862 DH,A/32,176 m²,457 600 DH,,Lot promotionnel villa en bande
NOUVELLE ZONE URBAINE BELLE VUE,Settat,Casablanca-Settat,Lots d'activités industrielles,Promotion,2026-07-16 19:50:10,LOT PROMOTIONNEL VILLA EN BANDE,4 unité(s) disponible(s),389 400 DH,477 862 DH,H/31,163 m²,445 115 DH,,Lot promotionnel villa en bande
NOUVELLE ZONE URBAINE BELLE VUE,Settat,Casablanca-Settat,Lots d'activités industrielles,Promotion,2026-07-16 19:50:10,LOT PROMOTIONNEL VILLA EN BANDE,4 unité(s) disponible(s),389 400 DH,477 862 DH,A/46,177 m²,389 400 DH,,Lot promotionnel villa en bande
NOUVELLE ZONE URBAINE BELLE VUE,Settat,Casablanca-Settat,Lots d'activités industrielles,Promotion,2026-07-16 19:50:10,LOT PROMOTIONNEL VILLA EN BANDE,4 unité(s) disponible(s),389 400 DH,477 862 DH,H/40,178 m²,477 862 DH,,Lot promotionnel villa en bande
NOUVELLE ZONE URBAINE BELLE VUE,Settat,Casablanca-Settat,Lots d'activités industrielles,Promotion,2026-07-16 19:50:10,LOT ACTIVITE COMM A USAGE TOURISTIQUE,1 unité(s) disponible(s),15 667 200 DH,15 667 200 DH,CLUB RESTAU,13056 m²,15 667 200 DH,,Lot activite comm a usage touristique
NOUVELLE ZONE URBAINE BELLE VUE,Settat,Casablanca-Settat,Lots d'activités industrielles,Promotion,2026-07-16 19:50:10,LOT ACTIVITE COMMERCIALE POUR HAMAM,1 unité(s) disponible(s),1 000 000 DH,1 000 000 DH,HAMMAM,400 m²,1 000 000 DH,,Lot activite commerciale pour hamam
NOUVELLE ZONE URBAINE BELLE VUE,Settat,Casablanca-Settat,Lots d'activités industrielles,Promotion,2026-07-16 19:50:10,LOT  ACTIVITE COMM A USAGE COMMERCIAL,2 unité(s) disponible(s),797 400 DH,1 147 200 DH,C C2,443 m²,797 400 DH,,Lot  activite comm a usage commercial
NOUVELLE ZONE URBAINE BELLE VUE,Settat,Casablanca-Settat,Lots d'activités industrielles,Promotion,2026-07-16 19:50:10,LOT  ACTIVITE COMM A USAGE COMMERCIAL,2 unité(s) disponible(s),797 400 DH,1 147 200 DH,C C1,717 m²,1 147 200 DH,,Lot  activite comm a usage commercial
NOUVELLE ZONE URBAINE BELLE VUE,Settat,Casablanca-Settat,Lots d'activités industrielles,Promotion,2026-07-16 19:50:10,LOT ACTIVITE COMMERCIALE POUR FOUR,1 unité(s) disponible(s),597 500 DH,597 500 DH,FOUR,239 m²,597 500 DH,,Lot activite commerciale pour four
RESIDENCE ABOUAB SALAM TR2,Casablanca,Casablanca-Settat,Magasins et commerces,Promotion,2026-07-16 19:50:10,PLATEAU DE BUREAU,9 unité(s) disponible(s),690 000 DH,799 200 DH,M78/19,108 m²,799 200 DH,3,Plateau de bureau
RESIDENCE ABOUAB SALAM TR2,Casablanca,Casablanca-Settat,Magasins et commerces,Promotion,2026-07-16 19:50:10,PLATEAU DE BUREAU,9 unité(s) disponible(s),690 000 DH,799 200 DH,M78/5,103 m²,782 800 DH,1,Plateau de bureau
RESIDENCE ABOUAB SALAM TR2,Casablanca,Casablanca-Settat,Magasins et commerces,Promotion,2026-07-16 19:50:10,PLATEAU DE BUREAU,9 unité(s) disponible(s),690 000 DH,799 200 DH,M78/17,103 m²,762 200 DH,3,Plateau de bureau
RESIDENCE ABOUAB SALAM TR2,Casablanca,Casablanca-Settat,Magasins et commerces,Promotion,2026-07-16 19:50:10,PLATEAU DE BUREAU,9 unité(s) disponible(s),690 000 DH,799 200 DH,M78/11,103 m²,782 800 DH,2,Plateau de bureau
RESIDENCE ABOUAB SALAM TR2,Casablanca,Casablanca-Settat,Magasins et commerces,Promotion,2026-07-16 19:50:10,PLATEAU DE BUREAU,9 unité(s) disponible(s),690 000 DH,799 200 DH,M78/12,104 m²,790 400 DH,2,Plateau de bureau
RESIDENCE ABOUAB SALAM TR2,Casablanca,Casablanca-Settat,Magasins et commerces,Promotion,2026-07-16 19:50:10,PLATEAU DE BUREAU,9 unité(s) disponible(s),690 000 DH,799 200 DH,M78/20,100 m²,690 000 DH,4,Plateau de bureau
RESIDENCE ABOUAB SALAM TR2,Casablanca,Casablanca-Settat,Magasins et commerces,Promotion,2026-07-16 19:50:10,PLATEAU DE BUREAU,9 unité(s) disponible(s),690 000 DH,799 200 DH,M78/23,103 m²,762 200 DH,4,Plateau de bureau
RESIDENCE ABOUAB SALAM TR2,Casablanca,Casablanca-Settat,Magasins et commerces,Promotion,2026-07-16 19:50:10,PLATEAU DE BUREAU,9 unité(s) disponible(s),690 000 DH,799 200 DH,M78/18,104 m²,769 600 DH,3,Plateau de bureau
RESIDENCE ABOUAB SALAM TR2,Casablanca,Casablanca-Settat,Magasins et commerces,Promotion,2026-07-16 19:50:10,PLATEAU DE BUREAU,9 unité(s) disponible(s),690 000 DH,799 200 DH,M78/24,104 m²,769 600 DH,4,Plateau de bureau
RESIDENCE ABOUAB SALAM TR2,Casablanca,Casablanca-Settat,Magasins et commerces,Promotion,2026-07-16 19:50:10,LOCAL COMMERCIAL,1 unité(s) disponible(s),530 000 DH,530 000 DH,M73/8,53 m²,530 000 DH,,Local commercial
CEDRE TRANCHE 2,Had Soualem,Casablanca-Settat,Ilots pour promotion immobilière,Promotion,2026-07-16 19:50:10,LOT ACTIVITE COM A USAGE D'ENSEIG PRIVE,1 unité(s) disponible(s),2 167 500 DH,2 167 500 DH,CRECHE,867 m²,2 167 500 DH,,Lot activite com a usage d'enseig prive
CEDRE TRANCHE 2,Had Soualem,Casablanca-Settat,Ilots pour promotion immobilière,Promotion,2026-07-16 19:50:10,LOT  ACTIVITE COMM A USAGE COMMERCIAL,1 unité(s) disponible(s),3 692 000 DH,3 692 000 DH,CC2,1846 m²,3 692 000 DH,,
CEDRE TRANCHE 2,Had Soualem,Casablanca-Settat,Ilots pour promotion immobilière,Promotion,2026-07-16 19:50:10,ILOT,1 unité(s) disponible(s),21 920 850 DH,21 920 850 DH,ILOT 2,20877 m²,21 920 850 DH,,Ilot
